Date,^NSEI Open,^NSEI High,^NSEI Low,^NSEI Close,^NSEI Adj Close,BAJFINANCE.NS Open,BAJFINANCE.NS High,BAJFINANCE.NS Low,BAJFINANCE.NS Close,BAJFINANCE.NS Adj Close,HDFCBANK.NS Open,HDFCBANK.NS High,HDFCBANK.NS Low,HDFCBANK.NS Close,HDFCBANK.NS Adj Close,INFY.NS Open,INFY.NS High,INFY.NS Low,INFY.NS Close,INFY.NS Adj Close,NESTLEIND.NS Open,NESTLEIND.NS High,NESTLEIND.NS Low,NESTLEIND.NS Close,NESTLEIND.NS Adj Close
15/02/2021,15270.29981,15340.15039,15243.40039,15314.7002,15314.7002,5605.350098,5799,5600,5779.850098,5770.525879,1600.099976,1625,1596.699951,1616.599976,1609.633423,1320,1328.400024,1307.099976,1309.650024,1284.286621,17349,17506.75,17258.05078,17479.84961,17282.98438
16/02/2021,15371.4502,15431.75,15242.2002,15313.4502,15313.4502,5791.399902,5822.200195,5690.299805,5760.25,5750.957031,1621.199951,1641,1608.449951,1626.650024,1619.640259,1314,1319.75,1286,1290.400024,1265.409424,17555,17646,17139.09961,17217.25,17023.34375
17/02/2021,15279.90039,15314.29981,15170.75,15208.90039,15208.90039,5730,5799,5670,5705.149902,5695.945801,1620,1621.800049,1583,1586.5,1579.663208,1290.400024,1294.5,1275,1281.300049,1256.485718,16900,16900,16350,16741.19922,16552.65234
18/02/2021,15238.7002,15250.75,15078.04981,15118.9502,15118.9502,5699,5714.75,5522.200195,5563.350098,5554.375,1605.949951,1605.949951,1548,1554.300049,1547.602051,1276,1306,1275,1292.449951,1267.419678,16756,16900,16300,16364.7002,16180.39551
19/02/2021,15074.79981,15144.04981,14898.2002,14981.75,14981.75,5560,5621.950195,5425,5497.950195,5489.080566,1545,1564.199951,1533,1539.099976,1532.467407,1296.099976,1299.5,1276.800049,1291.300049,1266.291992,16430,16464.69922,16212.9502,16376.40039,16191.96387
22/02/2021,14999.04981,15010.09961,14635.04981,14675.7002,14675.7002,5480,5538.700195,5334.75,5376.850098,5368.175781,1545.050049,1573.900024,1539.449951,1548,1541.329102,1295,1308.550049,1260,1265.199951,1240.69751,16411.05078,16530,16024.59961,16096.29981,15915.01758
23/02/2021,14782.25,14854.5,14651.84961,14707.79981,14707.79981,5420,5504.649902,5350,5383.700195,5375.014648,1553.75,1557.699951,1522.650024,1529.150024,1522.560425,1271.150024,1291,1257.550049,1266.349976,1241.825195,16131,16255,16002.09961,16169.9502,15987.83887
24/02/2021,14729.15039,15008.79981,14504.5,14982,14982,5444,5578.899902,5383,5562.899902,5553.925293,1526.5,1613.949951,1516.25,1606.449951,1599.527222,1260.050049,1276.599976,1252,1274.300049,1249.621338,16283,16378,16100,16346.15039,16162.05469
25/02/2021,15079.84961,15176.5,15065.34961,15097.34961,15097.34961,5601,5619.950195,5511.350098,5529.950195,5521.028809,1609.75,1636.25,1602,1606.400024,1599.477417,1288.449951,1299.75,1272,1274.550049,1249.866455,16306,16373.29981,16100,16113.90039,15932.41992
26/02/2021,14888.59961,14919.4502,14467.75,14529.15039,14529.15039,5430,5454,5221,5264.899902,5256.40625,1587.050049,1588.900024,1521,1534.400024,1527.78772,1269,1274.300049,1244.75,1253.300049,1229.027954,16050.5,16284.40039,16003.90039,16101.59961,15920.25781
01/03/2021,14702.5,14806.79981,14638.54981,14761.54981,14761.54981,5315,5369.899902,5195,5266.799805,5258.303223,1564,1572.550049,1540.699951,1558.900024,1552.182129,1263.300049,1284.5,1259,1267,1242.462524,16236,16367.59961,16100,16292.4502,16108.95898
02/03/2021,14865.29981,14959.09961,14760.79981,14919.09961,14919.09961,5300,5410,5262.049805,5316.299805,5307.723145,1575.699951,1587.5,1551,1568.199951,1561.442017,1282.25,1310,1279.199951,1304.5,1279.23645,16302,16620,16289.75,16576.15039,16389.46484
03/03/2021,15064.40039,15273.15039,14995.79981,15245.59961,15245.59961,5364.149902,5573.350098,5340.100098,5542.899902,5533.958008,1584,1596,1565,1586.849976,1580.011719,1319.199951,1347,1308,1343.550049,1317.530029,16705,16720,16546.65039,16699.25,16511.17773
04/03/2021,15026.75,15202.34961,14980.2002,15080.75,15080.75,5430,5567.149902,5401,5485.899902,5477.049805,1548.550049,1571,1539.099976,1552.050049,1545.361694,1335,1363.849976,1325.900024,1330.349976,1304.585693,16656.55078,16707.94922,16445,16661.80078,16474.14844
05/03/2021,14977.9502,15092.34961,14862.09961,14938.09961,14938.09961,5440,5519.75,5402.100098,5444.899902,5436.115723,1531,1545.599976,1521.099976,1530,1523.406738,1328.5,1340,1305.050049,1316.699951,1291.200073,16516,16840,16456,16782.90039,16593.88477
08/03/2021,15002.4502,15111.15039,14919.90039,14956.2002,14956.2002,5469,5493.950195,5311,5320.649902,5312.066406,1542,1555,1512.5,1519.5,1512.951904,1324.800049,1346.099976,1317.199951,1335.75,1309.881226,16725.05078,16900,16607,16852.44922,16662.65039
09/03/2021,15049.90039,15126.84961,14925.4502,15098.40039,15098.40039,5371,5445,5335,5415.049805,5406.313965,1545,1565.699951,1538.25,1562.5,1555.766602,1329.5,1350.449951,1318.75,1345.550049,1319.491455,16910.19922,16949.94922,16660,16910.80078,16720.3457
10/03/2021,15202.15039,15218.4502,15100.84961,15174.79981,15174.79981,5440,5561,5440,5545.049805,5536.104004,1572,1575,1552.150024,1555.75,1549.045776,1356.900024,1374,1355,1368.150024,1341.653687,16949.69922,17000,16785,16931.44922,16740.75977
12/03/2021,15321.15039,15336.29981,14953.59961,15030.9502,15030.9502,5600,5670,5521,5557.850098,5548.883789,1600,1600,1535.050049,1551.949951,1545.262085,1373,1391.699951,1370.050049,1374.849976,1348.223877,16977,17009.84961,16650,16722.44922,16534.11523
15/03/2021,15048.40039,15048.40039,14745.84961,14929.5,14929.5,5571.049805,5585.649902,5350.549805,5439.049805,5430.275391,1548.400024,1548.400024,1515.300049,1528.650024,1522.0625,1370,1379.900024,1358.5,1373.599976,1346.998047,16879.84961,16879.84961,16630,16833.05078,16643.4707
16/03/2021,14996.09961,15051.59961,14890.65039,14910.4502,14910.4502,5488.450195,5507,5420,5455.950195,5447.148438,1530.900024,1540.400024,1510,1512.150024,1505.633667,1386.050049,1406,1380.5,1384,1357.196777,16835,17020,16695,16741.94922,16553.39453
17/03/2021,14946.54981,14956.54981,14696.04981,14721.29981,14721.29981,5460,5460.399902,5344.450195,5359.799805,5351.152832,1524.25,1539,1490.199951,1495.349976,1488.906006,1392.25,1400,1382,1387,1360.13855,16790,16790,16340.04981,16455.75,16270.41895
18/03/2021,14855.5,14875.2002,14478.59961,14557.84961,14557.84961,5423,5545,5305,5371.850098,5363.184082,1511.75,1522.050049,1481.150024,1491,1484.574707,1393.75,1393.75,1313.5,1337.099976,1311.205078,16467.90039,16624.94922,16180,16201.25,16018.78613
19/03/2021,14471.15039,14788.25,14350.09961,14744,14744,5316,5479,5190.049805,5453.25,5444.452637,1485,1511.199951,1474.050049,1497.5,1491.046753,1330,1355.199951,1318,1344.449951,1318.412598,16200,16595,16070,16450.84961,16265.5752
22/03/2021,14736.29981,14763.90039,14597.84961,14736.40039,14736.40039,5446.5,5497,5337,5389.350098,5380.655762,1494.900024,1494.900024,1460.400024,1469.150024,1462.81897,1350.099976,1376,1336.099976,1370.800049,1344.252319,16451,16675,16351,16588.05078,16401.23047
23/03/2021,14768.54981,14878.59961,14707,14814.75,14814.75,5410,5445,5350,5378.799805,5370.122559,1470,1507.449951,1469.099976,1500.150024,1493.685303,1372.449951,1383.25,1359.599976,1371.550049,1344.987915,16575,16750,16506.40039,16681.34961,16493.47852
24/03/2021,14712.4502,14752.34961,14535,14549.40039,14549.40039,5374,5374,5260,5270.299805,5261.797363,1490.900024,1506.449951,1471,1478.800049,1472.427368,1357.849976,1370.449951,1346.25,1353.75,1327.532471,16600,16769.80078,16419.25,16448.09961,16262.85547
25/03/2021,14570.90039,14575.59961,14264.40039,14324.90039,14324.90039,5280,5300,5103.149902,5122.200195,5113.936523,1490.199951,1495.550049,1450.25,1463.349976,1457.043823,1346.75,1352.5,1327.599976,1333.800049,1307.968994,16425,16584.5,16116,16170.09961,15987.98633
26/03/2021,14506.29981,14572.90039,14414.25,14507.29981,14507.29981,5170,5248,5135,5183.049805,5174.687988,1494,1499,1474,1491.300049,1484.873535,1344.699951,1356.699951,1332,1336.199951,1310.322388,16299,16618.44922,16254,16571.75,16385.11328
30/03/2021,14628.5,14876.29981,14617.59961,14845.09961,14845.09961,5234.850098,5260,5150,5193.549805,5185.171387,1506.650024,1562.550049,1501.550049,1553.699951,1547.004517,1346.900024,1400,1336.150024,1385.300049,1358.471558,16610,17253.55078,16610,17165,16971.68164
31/03/2021,14811.84961,14813.75,14670.25,14690.7002,14690.7002,5185,5218.799805,5122.950195,5149.850098,5141.541992,1548,1548,1488,1493.650024,1487.213379,1382,1388,1363.300049,1368.050049,1341.555664,17299,17299,16951.55078,17165.19922,16971.87891
01/04/2021,14798.40039,14883.2002,14692.4502,14867.34961,14867.34961,5210,5288.5,5161.950195,5272.149902,5263.644531,1499.400024,1499.400024,1465,1486.75,1480.343018,1380,1391.599976,1371,1385.199951,1358.373413,17165.19922,17188.55078,16967.59961,17083.15039,16890.75391
05/04/2021,14837.7002,14849.84961,14459.5,14637.79981,14637.79981,5259,5259,4920.600098,4962.5,4954.494141,1480,1485,1431,1449.599976,1443.353149,1391,1425,1387,1409.900024,1382.595215,17150,17150,16723.90039,16880.55078,16690.43555
06/04/2021,14737,14779.09961,14573.90039,14683.5,14683.5,5050,5059.450195,4952.600098,4993.100098,4985.044922,1460,1462.650024,1432.650024,1440.25,1434.043457,1423,1426,1406.449951,1411.050049,1383.7229,16910,17120,16800,17081.69922,16889.31836
07/04/2021,14716.4502,14879.79981,14649.84961,14819.04981,14819.04981,4980,5109,4940,5077.100098,5068.90918,1439.300049,1456.699951,1421.550049,1447.199951,1440.963501,1410.25,1434.949951,1406.599976,1430.199951,1402.501831,17100,17865.94922,17025,17409.84961,17213.77344
08/04/2021,14875.65039,14984.15039,14821.09961,14873.79981,14873.79981,5100,5115,5015,5029.5,5021.38623,1453,1460.900024,1430.5,1432.800049,1426.62561,1430,1451.699951,1421,1439.849976,1411.964966,17425.05078,17759,17326.84961,17689.90039,17490.66992
09/04/2021,14882.65039,14918.4502,14785.65039,14834.84961,14834.84961,5000,5010,4845,4872.299805,4864.439453,1426,1432.800049,1415.099976,1421.75,1415.623169,1455,1455,1430.050049,1441.050049,1413.141846,17611.09961,17849,17500,17592.40039,17394.26758
12/04/2021,14644.65039,14652.5,14248.7002,14310.79981,14310.79981,4740,4740,4400,4511,4503.722656,1393,1399,1353,1367.050049,1361.158936,1474,1477.550049,1415,1425.75,1398.138184,17375.15039,17620,17341.09961,17501.69922,17304.58984
13/04/2021,14364.90039,14528.90039,14274.90039,14504.79981,14504.79981,4535.100098,4774.899902,4514.049805,4728.75,4721.121094,1368,1406.449951,1361,1400.349976,1394.31543,1433,1435.25,1375,1397.150024,1370.092041,17587,17599.94922,17040.09961,17168.84961,16975.48828
15/04/2021,14522.40039,14597.54981,14353.2002,14581.4502,14581.4502,4708.100098,4750,4566.100098,4660.299805,4652.781738,1405,1436.699951,1391,1430.099976,1423.937134,1332.300049,1366.400024,1320,1360.75,1334.396973,17325,17400,16775,16875.65039,16685.5918
16/04/2021,14599.59961,14697.7002,14559,14617.84961,14617.84961,4661,4690,4590,4616.600098,4609.152344,1434.949951,1445,1423.5,1428.650024,1422.493408,1365,1370.849976,1346.599976,1353.75,1327.532471,16969,17335,16862.80078,17252.09961,17057.80078
19/04/2021,14306.59961,14382.29981,14191.40039,14359.4502,14359.4502,4450,4504,4362,4479.600098,4472.373535,1390,1417.699951,1372.300049,1412.400024,1406.313477,1340,1379.699951,1332.349976,1362.550049,1336.162231,17201.05078,17240,16950,17089.94922,16897.47461
20/04/2021,14526.7002,14526.9502,14207.29981,14296.40039,14296.40039,4563,4699,4555.200195,4613.649902,4606.207031,1425,1426.400024,1383.949951,1391.400024,1385.403931,1379,1379,1342.400024,1351.349976,1325.178955,17420,17420,16890.05078,17095.65039,16903.11328
22/04/2021,14219.15039,14424.75,14151.40039,14406.15039,14406.15039,4550,4714,4505.75,4688.700195,4681.13623,1380,1426.800049,1371.050049,1422.5,1416.369995,1355.550049,1364.800049,1345.150024,1351.099976,1324.933838,17190,17190,16551.25,16790.44922,16601.34961
23/04/2021,14326.34961,14461.15039,14273.29981,14341.34961,14341.34961,4621.100098,4759.799805,4610.5,4667.799805,4660.269531,1409,1434.599976,1400.199951,1414.150024,1408.055908,1343,1348.400024,1331,1333.800049,1307.968994,16785,16799.30078,16605,16625.69922,16438.45313
26/04/2021,14449.4502,14557.5,14421.29981,14485,14485,4690,4829,4690,4736.549805,4728.908691,1413,1429,1402.75,1404.800049,1398.746216,1332.25,1351.300049,1321,1343.550049,1317.530029,16799.05078,16895,16663.65039,16870.59961,16680.59766
27/04/2021,14493.79981,14667.54981,14484.84961,14653.04981,14653.04981,4747,4889.850098,4746.549805,4865.049805,4857.201172,1407.25,1442,1404.800049,1438.699951,1432.500122,1346,1353,1340.150024,1348.5,1322.384277,16899,16930,16750,16779,16590.0293
28/04/2021,14710.5,14890.25,14694.9502,14864.54981,14864.54981,4915,5310,4915,5280.899902,5272.380371,1436.25,1479,1431,1476.800049,1470.436035,1358,1359.5,1344.599976,1356,1329.739014,16775,16831.09961,16611,16633.80078,16446.46484
29/04/2021,14979,15044.34961,14814.4502,14894.90039,14894.90039,5350,5525,5330,5484.850098,5476.001465,1486.199951,1503.650024,1461,1472.5,1466.154419,1368,1369,1351.400024,1356.349976,1330.082153,16679,16714.59961,16480,16502.55078,16405.45703
30/04/2021,14747.34961,14855.4502,14601.7002,14631.09961,14631.09961,5350,5524.649902,5327.700195,5451.899902,5443.104492,1445,1453.800049,1407.5,1412.300049,1406.213989,1346.300049,1373.900024,1345.900024,1354.349976,1328.120972,16500,16569.19922,16255,16309.25,16213.29395
03/05/2021,14481.04981,14673.84961,14416.25,14634.15039,14634.15039,5316.299805,5580,5291.25,5551.149902,5542.194336,1393,1421.900024,1377.300049,1414.449951,1408.354614,1340.800049,1361,1338,1352.050049,1325.865479,16360,16574.94922,16272.65039,16506.75,16409.63281
04/05/2021,14687.25,14723.40039,14461.5,14496.5,14496.5,5610,5749.950195,5560,5615.75,5606.69043,1409.949951,1423,1383.300049,1388.349976,1382.367065,1354,1354.949951,1324.099976,1329.400024,1303.654175,16510.25,16620,16380,16546.59961,16449.24805
05/05/2021,14604.15039,14637.90039,14506.59961,14617.84961,14617.84961,5683,5700,5452.399902,5515.149902,5506.252441,1401,1409.599976,1381.699951,1402.599976,1396.555664,1341.099976,1343.900024,1327.800049,1341.5,1315.519775,16561.05078,16610,16457.44922,16549.25,16451.88281
06/05/2021,14668.34961,14743.90039,14611.5,14724.79981,14724.79981,5568,5619.899902,5473.350098,5528.799805,5519.880371,1407.599976,1410.800049,1395,1400.900024,1394.863037,1345,1364.699951,1337.400024,1361.599976,1335.230469,16525.05078,16769.80078,16525.05078,16717.59961,16619.24219
07/05/2021,14816.84961,14863.04981,14765.5,14823.15039,14823.15039,5590,5613.149902,5458,5493.799805,5484.937012,1412.949951,1424.949951,1410.25,1414.75,1408.65332,1365.300049,1373.050049,1348.5,1352.550049,1326.355835,16788.55078,16798.09961,16665,16761.34961,16662.73438
10/05/2021,14928.25,14966.90039,14892.5,14942.34961,14942.34961,5575,5575,5445,5497.5,5488.631348,1427,1430,1412.800049,1419.849976,1413.731323,1349.849976,1352.900024,1335.050049,1339.550049,1313.607544,16830,16850,16670,16787.30078,16688.5332
11/05/2021,14789.7002,14900,14771.40039,14850.75,14850.75,5411.25,5458.100098,5390,5424.700195,5415.94873,1396,1424.199951,1395.050049,1403.550049,1397.501709,1336.900024,1341,1325.099976,1330.650024,1304.880005,16749,16949,16710.34961,16870.09961,16770.84375
12/05/2021,14823.54981,14824.04981,14649.7002,14696.5,14696.5,5413.100098,5440,5329.399902,5358.399902,5349.755371,1399.75,1408.599976,1388.849976,1399.5,1393.469116,1330,1330,1314.5,1327,1301.300659,16770.25,16857.40039,16620,16717.90039,16619.54102
14/05/2021,14749.40039,14749.65039,14591.90039,14677.79981,14677.79981,5405,5405,5267,5330.350098,5321.750977,1394.349976,1398.900024,1382.349976,1386.849976,1380.873535,1326.849976,1326.849976,1311.300049,1316.400024,1290.905884,16717,17260,16605,17224.15039,17122.8125
17/05/2021,14756.25,14938,14725.34961,14923.15039,14923.15039,5350,5490,5315.049805,5430.100098,5421.339844,1395.150024,1442.599976,1381.300049,1440.25,1434.043457,1320.300049,1334.949951,1320.300049,1329.400024,1303.654175,17220,17300,17000.59961,17037.94922,16937.70703
18/05/2021,15067.2002,15137.25,15043.7002,15108.09961,15108.09961,5501,5705,5501,5688.75,5679.572754,1458.949951,1482.75,1455,1476.699951,1470.336304,1338,1344.599976,1329.5,1340,1314.048828,17120.19922,17248.94922,17042,17180.59961,17079.51758
19/05/2021,15058.59961,15133.40039,15008.84961,15030.15039,15030.15039,5674.950195,5722.899902,5595,5631.200195,5622.115723,1470.199951,1478.849976,1452.550049,1458.199951,1451.916016,1342,1357.449951,1333.25,1337,1311.106934,17187,17465,17187,17449.34961,17346.68555
20/05/2021,15042.59961,15069.79981,14884.90039,14906.04981,14906.04981,5628,5658,5545,5588.75,5579.733887,1458.349976,1465.900024,1428.5,1432.800049,1426.62561,1348.400024,1349.099976,1335,1339.300049,1313.362427,17460,17499.65039,17222,17285.34961,17183.65039
21/05/2021,14987.79981,15190,14985.84961,15175.29981,15175.29981,5660,5695,5586.299805,5631.75,5622.664551,1443,1501.900024,1443,1497.300049,1490.847656,1347.5,1357.5,1346.349976,1354.5,1328.268066,17385.34961,17550,17280.25,17497.09961,17394.1543
24/05/2021,15211.34961,15256.25,15145.4502,15197.7002,15197.7002,5634,5688,5590,5602.899902,5593.86084,1503.25,1520.449951,1498.5,1509.949951,1503.442993,1356.650024,1363,1345.099976,1348.050049,1321.942993,17400.05078,17588.05078,17300.75,17360.30078,17258.16211
25/05/2021,15291.75,15293.84961,15163.40039,15208.4502,15208.4502,5640,5658.799805,5582,5618.649902,5609.585449,1510.5,1513.75,1470.5,1478.949951,1472.57666,1358,1368,1354.449951,1361.599976,1335.230469,17497,17758.80078,17422.05078,17516.09961,17413.04297
26/05/2021,15257.04981,15319.90039,15194.9502,15301.4502,15301.4502,5640,5794.799805,5586.100098,5771.149902,5761.839355,1480,1487,1470,1477.050049,1470.684937,1367.900024,1400,1362.050049,1397.25,1370.190063,17516.09961,17617.34961,17368,17541.30078,17438.0957
27/05/2021,15323.9502,15384.54981,15272.5,15337.84961,15337.84961,5779.950195,5782.149902,5651,5682.200195,5673.033203,1473.099976,1489,1462.449951,1482.650024,1476.260742,1404.199951,1416.25,1391.699951,1402.25,1375.093262,17550,17900,17435.30078,17746.69922,17642.28711
28/05/2021,15421.2002,15469.65039,15394.75,15435.65039,15435.65039,5724,5750,5592.100098,5610.75,5601.698242,1490.900024,1513,1478.75,1503.449951,1496.971069,1409.75,1414,1396.099976,1405.050049,1377.839111,17770,17814.34961,17500,17509.40039,17406.38281
31/05/2021,15437.75,15606.34961,15374,15582.79981,15582.79981,5620,5664.700195,5560,5627.950195,5618.871094,1500,1519.5,1487.5,1515.849976,1509.317627,1401.5,1401.5,1383,1393.75,1381.506592,17509,17745.25,17415.25,17695.55078,17591.43945
01/06/2021,15629.65039,15660.75,15528.29981,15574.84961,15574.84961,5644,5818,5625.399902,5784.799805,5775.467285,1520.300049,1527,1507.25,1511.699951,1505.185547,1400,1401,1378.650024,1387.199951,1375.014038,17599,17810,17479.15039,17758.5,17654.01758
02/06/2021,15520.34961,15597.4502,15459.84961,15576.2002,15576.2002,5756.5,5845,5742.549805,5808.649902,5799.278809,1510,1510.199951,1493,1504,1497.518677,1380.75,1391.949951,1365,1378.650024,1366.539185,17516.19922,17813.19922,17510.09961,17653.5,17549.63477
03/06/2021,15655.54981,15705.09961,15611,15690.34961,15690.34961,5840,5915,5780.149902,5901.5,5891.979492,1508,1524.949951,1487.75,1520.550049,1513.997437,1388.099976,1399,1377.050049,1389.650024,1377.442627,17650,17854.94922,17560,17799.40039,17694.67773
04/06/2021,15712.5,15733.59961,15622.34961,15670.25,15670.25,5915,6010,5900,5993.450195,5983.78125,1516,1520.650024,1499.199951,1500.949951,1494.481812,1393.949951,1396.900024,1377.650024,1385.650024,1373.477783,17691.05078,17706.40039,17380,17426.80078,17324.26953
07/06/2021,15725.09961,15773.4502,15678.09961,15751.65039,15751.65039,5800,5843.850098,5682.450195,5729.75,5720.506348,1510,1514,1496,1499.849976,1493.386597,1391,1392,1377.300049,1389.650024,1377.442627,17474.55078,17590,17353.5,17532.55078,17429.39844
08/06/2021,15773.90039,15778.79981,15680,15740.09961,15740.09961,5751,5817,5720.149902,5755.399902,5746.114746,1496.550049,1501.300049,1481.5,1483.050049,1476.659058,1396,1421.75,1395.550049,1412.949951,1400.537842,17530.05078,17612.94922,17403.40039,17482.59961,17379.74023
09/06/2021,15766.29981,15800.4502,15566.90039,15635.34961,15635.34961,5795,5795,5627.299805,5674.5,5665.345703,1483.900024,1502,1472.050049,1480.300049,1473.920898,1413.400024,1425,1404.599976,1415.300049,1402.86731,17460,17625.59961,17440,17557.15039,17453.85352
10/06/2021,15692.09961,15751.25,15648.5,15737.75,15737.75,5715,6115,5677,6086.399902,6076.581055,1482.099976,1489,1473.650024,1481.050049,1474.667725,1424,1429,1419,1424.300049,1411.788208,17525,17675,17490,17556.09961,17452.80859
11/06/2021,15796.4502,15835.54981,15749.79981,15799.34961,15799.34961,6105.350098,6230,6045.200195,6120,6110.126953,1491,1496.550049,1481.050049,1486.349976,1479.944824,1430.099976,1451.599976,1429.449951,1446.900024,1434.189697,17609,17609,17365,17536.40039,17433.22461
14/06/2021,15791.40039,15823.04981,15606.5,15811.84961,15811.84961,6069.700195,6249,5975.600098,6194.149902,6184.157227,1478.25,1486,1462.550049,1479.449951,1473.074463,1471,1477,1453.449951,1461.800049,1448.958862,17461.40039,17630,17417.59961,17577.5,17474.08203
15/06/2021,15866.9502,15901.59961,15842.40039,15869.25,15869.25,6219,6239.799805,6150,6161.149902,6151.210449,1486,1496,1474.800049,1490.25,1483.828003,1464,1476,1463,1473.900024,1460.952515,17646,17710,17511,17684.80078,17580.75195
16/06/2021,15847.5,15880.84961,15742.59961,15767.54981,15767.54981,6140,6160.899902,6062.799805,6081.600098,6071.789063,1488,1494,1478.099976,1484.599976,1478.202271,1472.699951,1489.449951,1467.5,1480.599976,1467.593628,17650.19922,18068.5,17613.05078,17965.19922,17859.5
17/06/2021,15648.29981,15769.34961,15616.75,15691.40039,15691.40039,5920,6115,5920,6050.25,6040.489258,1466,1478.75,1460,1466.099976,1459.781982,1475.099976,1502.650024,1475.099976,1495.300049,1482.164551,17915,18189.30078,17900,18059.05078,17952.80078
18/06/2021,15756.5,15761.5,15450.90039,15683.34961,15683.34961,6089.899902,6148,5965.049805,6087.049805,6077.22998,1469.5,1490,1455,1479.800049,1473.423096,1509,1515.800049,1487.400024,1503.300049,1490.094238,18059,18098.94922,17600,17670.65039,17566.68555
21/06/2021,15525.84961,15765.15039,15505.65039,15746.5,15746.5,6000,6135,5987.100098,6116,6106.133301,1461.349976,1491.800049,1459,1488.699951,1482.284668,1493,1505.800049,1484.199951,1500.300049,1487.120605,17631.40039,17710.05078,17513,17649.15039,17545.31055
22/06/2021,15840.5,15895.75,15752.09961,15772.75,15772.75,6150,6189,6000,6016.799805,6007.093262,1497,1508,1480,1483.800049,1477.405884,1509.699951,1521.449951,1502.099976,1511.849976,1498.569092,17670,17747.94922,17410,17436.55078,17333.96289
23/06/2021,15862.79981,15862.9502,15673.9502,15686.9502,15686.9502,6051,6115,6001,6015.600098,6005.895508,1490,1497.800049,1478.599976,1485.5,1479.098511,1525,1525,1498.650024,1503.150024,1489.945557,17499.94922,17560,17370,17414.80078,17312.33984
24/06/2021,15737.29981,15821.40039,15702.7002,15790.4502,15790.4502,6027,6108,6011,6043.600098,6033.850098,1490,1513.449951,1488,1506.25,1499.759033,1517,1568.75,1511.199951,1559.199951,1545.503052,17415.05078,17670,17322.40039,17619.75,17516.08398
25/06/2021,15839.34961,15870.79981,15772.29981,15860.34961,15860.34961,6057,6107,6030.200195,6075.799805,6065.998047,1511.099976,1522,1507,1515.099976,1508.570923,1572,1578,1543,1574.199951,1560.371338,17570.25,17650,17435,17506.69922,17403.69922
28/06/2021,15915.34961,15915.65039,15792.15039,15814.7002,15814.7002,6100,6117.700195,6015,6037.049805,6027.310547,1520,1523,1505,1508.349976,1501.849976,1572.900024,1580.150024,1560.599976,1571.800049,1557.992554,17507.05078,17620,17453.5,17506.15039,17403.15234
29/06/2021,15807.5,15835.90039,15724.04981,15748.4502,15748.4502,6040,6137.649902,6002.100098,6052.399902,6042.635742,1507,1508.199951,1492.150024,1502.050049,1502.050049,1561,1573.650024,1559.199951,1563.050049,1549.319336,17590,17750,17489.65039,17599.25,17495.70508
30/06/2021,15776.90039,15839.09961,15708.75,15721.5,15721.5,6050,6125,6000,6015.850098,6006.14502,1498,1509,1494.099976,1497.900024,1497.900024,1572.050049,1591,1572.050049,1580.800049,1566.913452,17640,17745,17575,17633,17529.25586
01/07/2021,15755.04981,15755.54981,15667.04981,15680,15680,6040,6040,5940,5967.149902,5957.523438,1502,1502,1483,1486.75,1486.75,1576.849976,1576.849976,1559.050049,1560.400024,1546.692627,17630,17725,17569.5,17646.19922,17542.37695
02/07/2021,15705.84961,15738.34961,15635.9502,15722.2002,15722.2002,6000,6030,5965,5997.75,5988.074219,1485,1489.25,1477,1480.400024,1480.400024,1558.949951,1569.449951,1542.599976,1567.800049,1554.02771,17679,17680,17486,17602,17498.4375
05/07/2021,15793.40039,15845.9502,15762.04981,15834.34961,15834.34961,6029,6095.950195,6006.049805,6072.700195,6062.90332,1489.949951,1504.5,1484.550049,1495.449951,1495.449951,1569.150024,1585,1561.050049,1578.949951,1565.07959,17605.09961,17712,17523.30078,17641.34961,17537.55664
06/07/2021,15813.75,15914.2002,15801,15818.25,15818.25,6055,6342.799805,6053,6202.399902,6192.394043,1497,1540,1496,1534.699951,1534.699951,1573.699951,1586.75,1557.099976,1562.199951,1548.476807,17635.55078,17637.84961,17417,17470.09961,17367.31445
07/07/2021,15819.59961,15893.54981,15779.7002,15879.65039,15879.65039,6220,6286,6160.399902,6198.600098,6188.600098,1534,1545.349976,1527.699951,1539.5,1539.5,1566.050049,1570.550049,1544.650024,1564.599976,1550.855713,17400,17800,17360.25,17716.94922,17612.71094
08/07/2021,15855.40039,15885.75,15682.90039,15727.90039,15727.90039,6180,6220.899902,6080.399902,6117.799805,6117.799805,1525,1537.699951,1513.449951,1520.449951,1520.449951,1568,1576,1549,1560.75,1547.039551,17616,17699.84961,17538.09961,17618.90039,17515.24023
09/07/2021,15688.25,15730.84961,15632.75,15689.79981,15689.79981,6083,6171,6061.049805,6136.149902,6136.149902,1512.550049,1516,1497.5,1502,1502,1556,1569.900024,1551,1562.900024,1549.170654,17555.05078,17680,17550,17636,17532.23828
12/07/2021,15766.79981,15789.2002,15644.75,15692.59961,15692.59961,6175,6198.899902,6103.600098,6149.549805,6149.549805,1502,1502,1484,1487,1487,1570.550049,1578,1533.75,1547.849976,1534.252808,17755.30078,17755.34961,17571.59961,17641.40039,17537.60742
13/07/2021,15794,15820.79981,15744.59961,15812.34961,15812.34961,6185,6225,6140,6154.299805,6154.299805,1496.099976,1506.099976,1484.099976,1501.849976,1501.849976,1556.400024,1556.400024,1536.300049,1544.949951,1531.378296,17730,17733,17601.09961,17691.90039,17587.81055
14/07/2021,15808.7002,15877.34961,15764.2002,15853.9502,15853.9502,6150,6182,6120,6133.899902,6133.899902,1497.5,1507.349976,1491.099976,1499.150024,1499.150024,1554,1582.800049,1538.099976,1576.900024,1563.047729,17691.90039,17691.90039,17520,17539.69922,17436.50391
15/07/2021,15872.15039,15952.34961,15855,15924.2002,15924.2002,6133.899902,6177.200195,6102,6129.700195,6129.700195,1505,1526.75,1499.650024,1520.699951,1520.699951,1557.900024,1596.849976,1556,1580.800049,1566.913452,17525,17657.80078,17450,17621.84961,17518.17188
16/07/2021,15958.34961,15962.25,15882.59961,15923.40039,15923.40039,6125,6190,6097.200195,6125.450195,6125.450195,1527.949951,1529.949951,1518.800049,1522.349976,1522.349976,1573.75,1574.650024,1549.599976,1555.449951,1541.786011,17655,17715,17537.94922,17654.19922,17550.33008
19/07/2021,15754.5,15836.90039,15707.5,15752.40039,15752.40039,6088,6123,5935,6015.399902,6015.399902,1487,1488.849976,1466,1471,1471,1544.699951,1552.900024,1537.550049,1541.699951,1528.15686,17550,17845,17550,17752.44922,17648.00195
20/07/2021,15703.9502,15728.4502,15578.54981,15632.09961,15632.09961,6020,6027.950195,5868,5941.850098,5941.850098,1442,1454,1436.150024,1443.150024,1443.150024,1538.300049,1557.699951,1538,1550.050049,1536.433594,17749.94922,17907,17701,17856.09961,17751.04297
22/07/2021,15736.59961,15834.79981,15726.40039,15824.04981,15824.04981,5930,6244,5921.149902,6195.549805,6195.549805,1456.099976,1468.5,1445,1448.699951,1448.699951,1561.400024,1592.849976,1561.400024,1590.199951,1576.230835,17856.09961,18046.44922,17700,17994.80078,17888.92773
23/07/2021,15856.79981,15899.79981,15768.40039,15856.04981,15856.04981,6189,6225,6140,6180.899902,6180.899902,1451.5,1457.449951,1435.300049,1442.75,1442.75,1588.550049,1598.5,1585.050049,1590.449951,1576.478638,17930.34961,18224,17882.25,18143.94922,18037.19922
26/07/2021,15849.29981,15893.34961,15797,15824.4502,15824.4502,6150,6198.299805,6130,6162.450195,6162.450195,1430,1444,1428.099976,1434.550049,1434.550049,1594.099976,1611.650024,1594.099976,1603.900024,1589.810547,18071.84961,18187.75,18010.80078,18101.34961,17994.84961
27/07/2021,15860.5,15881.54981,15701,15746.4502,15746.4502,6180,6327,6175,6231.450195,6231.450195,1436.099976,1449.900024,1436.099976,1439.75,1439.75,1605,1609.300049,1597.900024,1602.550049,1588.472412,18012,18449,17972.5,18226.09961,18118.86523
28/07/2021,15761.54981,15767.5,15513.4502,15709.40039,15709.40039,6257.899902,6284,6157,6262,6262,1435.050049,1438.699951,1404,1417.300049,1417.300049,1605.099976,1607.599976,1585.5,1605.599976,1591.495483,18334,18334,17901,18022.55078,17916.51563
29/07/2021,15762.7002,15817.34961,15737.79981,15778.4502,15778.4502,6289.950195,6430,6264.049805,6400.100098,6400.100098,1428.25,1429.949951,1413.300049,1418.25,1418.25,1600.099976,1620,1600.099976,1617,1602.79541,17950,18200,17780,17914.75,17809.34766
30/07/2021,15800.59961,15862.79981,15744.84961,15763.04981,15763.04981,6416.850098,6416.850098,6212.200195,6228.100098,6228.100098,1419,1431.75,1407.949951,1426.449951,1426.449951,1610,1623.400024,1606.150024,1610.5,1596.352539,17914.75,17955.94922,17655.05078,17702.65039,17598.49609
02/08/2021,15874.90039,15892.90039,15834.65039,15885.15039,15885.15039,6270,6283.950195,6170,6200.5,6200.5,1435,1435,1416.25,1422.650024,1422.650024,1627.449951,1634.75,1619.199951,1631.550049,1617.217651,17795.80078,17900.80078,17675,17714.65039,17610.42578
03/08/2021,15951.54981,16146.90039,15914.34961,16130.75,16130.75,6215,6342,6206,6331.899902,6331.899902,1410,1439.900024,1410,1434.699951,1434.699951,1647,1658.650024,1635.599976,1655.199951,1640.65979,17670.19922,18380,17654,18284.09961,18176.52539
04/08/2021,16195.25,16290.2002,16176.15039,16258.79981,16258.79981,6343,6477.450195,6315,6359.149902,6359.149902,1441,1474.5,1440,1465.300049,1465.300049,1669.099976,1679.900024,1639.050049,1649.25,1634.762085,18294.09961,18349.94922,18017.09961,18057.34961,17951.10938
05/08/2021,16288.9502,16349.4502,16210.29981,16294.59961,16294.59961,6354,6355.5,6232,6248.25,6248.25,1467.099976,1507.050049,1457.400024,1484.849976,1484.849976,1649.5,1666,1647.050049,1653.550049,1639.024414,18150,18284.09961,18002,18208.75,18101.61914
06/08/2021,16304.40039,16336.75,16223.29981,16238.2002,16238.2002,6285,6299.5,6211,6224.299805,6224.299805,1483.550049,1500,1474,1492.650024,1492.650024,1657,1660.650024,1644,1650.199951,1635.703735,18200,18208,17980,18020.65039,17914.625
09/08/2021,16281.34961,16320.75,16179.04981,16258.25,16258.25,6225,6269.950195,6136.049805,6193.149902,6193.149902,1492,1507.349976,1476,1503.900024,1503.900024,1661,1667.449951,1646.400024,1663.300049,1648.688721,18070,18235,18020.65039,18202.30078,18095.20703
10/08/2021,16274.79981,16359.25,16202.25,16280.09961,16280.09961,6225,6248.450195,6142.049805,6170.100098,6170.100098,1489,1519.75,1489,1507.650024,1507.650024,1668,1680,1661.050049,1677.25,1662.516113,18210,18370.69922,18085.09961,18273.30078,18165.78906
11/08/2021,16327.29981,16338.75,16162.54981,16282.25,16282.25,6176.100098,6199.950195,6057,6167.799805,6167.799805,1514.900024,1518.849976,1491.050049,1494.949951,1494.949951,1674.800049,1684,1668,1677.550049,1662.813599,18315,18315,18025.34961,18167.80078,18060.91016
12/08/2021,16303.65039,16375.5,16286.90039,16364.40039,16364.40039,6181,6254.899902,6151.25,6199.5,6199.5,1497,1507.599976,1489.300049,1501.400024,1501.400024,1679.150024,1696.5,1674,1689.599976,1674.75769,18180.80078,18247.94922,18080,18133.84961,18027.1582
13/08/2021,16385.69922,16543.59961,16376.29981,16529.09961,16529.09961,6210,6228.850098,6131,6156.549805,6156.549805,1501.199951,1531,1501,1526.199951,1526.199951,1697,1722.5,1691.300049,1712.199951,1697.159058,18199.69922,18290.05078,18131.69922,18269.55078,18162.0625
16/08/2021,16518.40039,16589.40039,16480.75,16563.05078,16563.05078,6149,6395,6103.850098,6377.149902,6377.149902,1526.150024,1535,1521.449951,1530.599976,1530.599976,1707.699951,1719.949951,1690.099976,1704.400024,1689.427612,18269.55078,18499,18177.15039,18295.25,18187.60938
17/08/2021,16545.25,16628.55078,16495.40039,16614.59961,16614.59961,6409.950195,6436.850098,6305,6410.100098,6410.100098,1517.199951,1524,1505.300049,1514.650024,1514.650024,1703.900024,1748.900024,1686.550049,1741.650024,1726.350464,18350,18797.44922,18301.40039,18732.55078,18622.33789
18/08/2021,16691.94922,16701.84961,16535.84961,16568.84961,16568.84961,6434,6640,6406.049805,6544.100098,6544.100098,1556.699951,1565.349976,1508.349976,1513,1513,1729,1755.5,1727,1733.449951,1718.222412,18751,18969,18750.05078,18911,18799.73633
20/08/2021,16382.5,16509.55078,16376.04981,16450.5,16450.5,6471.950195,6732.700195,6455.649902,6661.100098,6661.100098,1486.050049,1519.800049,1486.050049,1514.75,1514.75,1716.099976,1745,1716.099976,1732.949951,1717.726807,18555.25,19641.09961,18555.25,19571.25,19456.10156
23/08/2021,16592.25,16592.5,16395.69922,16496.44922,16496.44922,6740,6819.5,6697,6752.200195,6752.200195,1529.849976,1533.150024,1508.650024,1524.599976,1524.599976,1735.75,1753.150024,1732,1738.75,1723.475952,19700,20095,19557.65039,20021.05078,19903.25586
24/08/2021,16561.40039,16647.09961,16495.30078,16624.59961,16624.59961,6775,7049,6727.950195,6980.100098,6980.100098,1530,1564.5,1527.449951,1558.849976,1558.849976,1750,1757,1712.699951,1720.849976,1705.733154,20100,20199,19665,19779.84961,19663.47461
25/08/2021,16654,16712.44922,16617.5,16634.65039,16634.65039,7005,7054,6921,6944.950195,6944.950195,1552.099976,1564.800049,1548,1557.400024,1557.400024,1718,1746.900024,1718,1735.550049,1720.304077,19786,20325,19786,19909.84961,19792.70898
26/08/2021,16627.94922,16683.69922,16603.40039,16636.90039,16636.90039,6900,6993.25,6855,6931.950195,6931.950195,1550,1571,1543.449951,1554.800049,1554.800049,1734,1746,1720,1727.699951,1712.522949,19974.94922,20119.69922,19805.55078,20052.69922,19934.71875
27/08/2021,16642.55078,16722.05078,16565.59961,16705.19922,16705.19922,6950,7024.350098,6872,6966.600098,6966.600098,1552,1558.650024,1545.25,1548.449951,1548.449951,1725,1727.699951,1705.199951,1708.800049,1693.789063,20100,20100,19896,19957.34961,19839.92969
30/08/2021,16775.84961,16951.5,16764.84961,16931.05078,16931.05078,6995.950195,7197,6980,7165.5,7165.5,1555.599976,1570,1551.599976,1568.25,1568.25,1703.050049,1718.650024,1690.400024,1698.050049,1683.133423,20050,20122.5,19684.25,19742.25,19626.0957
31/08/2021,16947.5,17153.5,16915.84961,17132.19922,17132.19922,7160,7598.799805,7130,7524.5,7524.5,1563.5,1583.349976,1562.199951,1581.400024,1581.400024,1700.150024,1715,1685.849976,1706.449951,1691.459595,19745,19839.94922,19350,19467.75,19353.21094
01/09/2021,17185.59961,17225.75,17055.05078,17076.25,17076.25,7525,7674.5,7483.350098,7519.600098,7519.600098,1575,1598,1574.5,1579.099976,1579.099976,1709.5,1709.5,1673.150024,1677.75,1663.011719,19746.80078,19890,19552.09961,19826.84961,19710.19727
02/09/2021,17095.40039,17245.5,17059.69922,17234.15039,17234.15039,7500,7586.399902,7445.049805,7498.450195,7498.450195,1574.099976,1592,1571.25,1589,1589,1677.349976,1694.300049,1662.650024,1689.099976,1674.261963,19874,20290,19761,20240.59961,20121.51367
03/09/2021,17262.44922,17340.09961,17212.19922,17323.59961,17323.59961,7500,7555,7461.75,7523.399902,7523.399902,1586.099976,1598,1568.300049,1576.050049,1576.050049,1696.050049,1705.949951,1684.400024,1700.650024,1685.710571,20250,20343,20101.05078,20266.65039,20147.41211
06/09/2021,17399.34961,17429.55078,17345.55078,17377.80078,17377.80078,7550,7615,7485.100098,7506.350098,7506.350098,1579.949951,1580.949951,1561.949951,1565.699951,1565.699951,1705.150024,1732,1699.349976,1730.400024,1715.199219,20260.15039,20348,20160,20223.19922,20104.21484
07/09/2021,17401.55078,17436.5,17287,17362.09961,17362.09961,7528.899902,7566.25,7407.200195,7457.299805,7457.299805,1562.5,1582,1555.199951,1569.25,1569.25,1730,1734.900024,1704,1706.650024,1691.657959,20166.15039,20392.69922,20166.15039,20368.44922,20248.61133
08/09/2021,17375.75,17383.40039,17254.19922,17353.5,17353.5,7457,7514,7411.049805,7463.200195,7463.200195,1571.949951,1580.5,1565.599976,1576.400024,1576.400024,1700.849976,1700.849976,1682.949951,1693.25,1678.37561,20300,20530,19785,19839.59961,19722.87305
09/09/2021,17312.84961,17379.65039,17302.69922,17369.25,17369.25,7430,7460,7380,7430.649902,7430.649902,1574,1579.449951,1561,1568.599976,1568.599976,1685.900024,1694.900024,1682.150024,1691.599976,1676.740112,19910,20525,19840.40039,20457.19922,20336.83984
13/09/2021,17363.55078,17378.34961,17269.15039,17355.30078,17355.30078,7430.649902,7495,7352,7445.549805,7445.549805,1562,1584,1553.650024,1555.550049,1555.550049,1683,1701.5,1675.199951,1691.900024,1677.037476,20300,20500,20230,20452.25,20331.91797
14/09/2021,17420.34961,17438.55078,17367.05078,17380,17380,7480,7530,7408,7417.549805,7417.549805,1560,1564.5,1546.599976,1548.550049,1548.550049,1695.949951,1695.949951,1678.599976,1686.150024,1671.338013,20450,20609.15039,20180,20230.44922,20111.42383
15/09/2021,17387.65039,17532.69922,17386.90039,17519.44922,17519.44922,7445,7480,7380,7414.149902,7414.149902,1535,1554.800049,1535,1546.800049,1546.800049,1693.25,1715.099976,1690.199951,1711.449951,1696.415649,20369.84961,20370,20087.90039,20119.19922,20000.82813
16/09/2021,17539.19922,17644.59961,17510.44922,17629.5,17629.5,7445,7445,7330.5,7411.5,7411.5,1537.75,1564.300049,1536.300049,1559.949951,1559.949951,1715.199951,1719.25,1691.449951,1702.25,1687.296509,20106.05078,20241.69922,19970,20027.84961,19910.01563
17/09/2021,17709.65039,17792.94922,17537.65039,17585.15039,17585.15039,7445.5,7679.950195,7360,7428.799805,7428.799805,1569,1589,1559.199951,1582.150024,1582.150024,1697,1718,1684.449951,1691.300049,1676.442749,20155,20299,20100.05078,20175.69922,20056.99609
20/09/2021,17443.84961,17622.75,17361.80078,17396.90039,17396.90039,7360,7581,7320.75,7442.450195,7442.450195,1564,1581.699951,1558,1559.849976,1559.849976,1685,1707.699951,1677.949951,1687.849976,1673.022949,20125,20386,20101,20322.59961,20203.03125
21/09/2021,17450.5,17578.34961,17326.09961,17562,17562,7481.149902,7847.100098,7401,7813.850098,7813.850098,1562,1568.650024,1528.949951,1551.949951,1551.949951,1700,1726.75,1684.650024,1718.449951,1703.354126,20200,20330,20002.15039,20189.55078,20070.76563
22/09/2021,17580.90039,17610.44922,17524,17546.65039,17546.65039,7850,7895,7771,7793.649902,7793.649902,1549,1550.150024,1530,1533.699951,1533.699951,1717,1738.900024,1713.050049,1716.900024,1701.817871,20173.84961,20173.84961,19810.09961,19925.19922,19807.96875
23/09/2021,17670.84961,17843.90039,17646.55078,17822.94922,17822.94922,7863.600098,7999,7804.649902,7899.049805,7899.049805,1542,1572,1542,1570,1570,1732,1745,1721.099976,1742.550049,1727.242554,20000,20121,19820,19839,19722.27734
24/09/2021,17897.44922,17947.65039,17819.40039,17853.19922,17853.19922,7949.850098,7949.850098,7725.649902,7793.399902,7793.399902,1579,1607.949951,1575,1601.550049,1601.550049,1758,1788,1752.449951,1763.849976,1748.355347,19927,19980,19800,19864.25,19747.37891
27/09/2021,17932.19922,17943.5,17802.90039,17855.09961,17855.09961,7849,7860,7740.049805,7795.450195,7795.450195,1615.699951,1635.5,1608,1625.099976,1625.099976,1768.75,1769,1718.099976,1721.150024,1706.030518,19900,19900,19601.09961,19642.19922,19526.63477
28/09/2021,17906.44922,17912.84961,17576.09961,17748.59961,17748.59961,7815,7825,7425.049805,7543.299805,7543.299805,1632,1632,1582,1615.050049,1615.050049,1710,1710,1675,1687.099976,1672.279541,19690,19718.65039,19459.05078,19544.75,19429.75781
29/09/2021,17657.94922,17781.75,17608.15039,17711.30078,17711.30078,7529,7635.850098,7456.149902,7515.399902,7515.399902,1597,1606.599976,1585.150024,1593.849976,1593.849976,1659.25,1701.400024,1655,1692.25,1677.384399,19544.75,19700,19421.65039,19506.75,19391.98242
30/09/2021,17718.90039,17742.15039,17585.34961,17618.15039,17618.15039,7545,7700,7490.899902,7668.100098,7668.100098,1586,1606.349976,1583.099976,1594.949951,1594.949951,1703,1703,1670.099976,1675.199951,1660.484131,19478.30078,19589.94922,19316.15039,19445.55078,19331.14258
01/10/2021,17531.90039,17557.15039,17452.90039,17532.05078,17532.05078,7620,7639.200195,7475,7522.75,7522.75,1583,1589,1565.25,1582.699951,1582.699951,1665.099976,1678.949951,1661.25,1665.150024,1650.522461,19445,19644.94922,19252.05078,19549.94922,19434.92773
04/10/2021,17615.55078,17750.90039,17581.34961,17691.25,17691.25,7588,7769,7560.149902,7695.049805,7695.049805,1589,1601.349976,1583.599976,1585.75,1585.75,1672.5,1688,1665.400024,1678.75,1664.00293,19549.94922,19650,19362.05078,19492.94922,19378.26172
05/10/2021,17661.34961,17833.44922,17640.90039,17822.30078,17822.30078,7683,7765,7634.100098,7724.200195,7724.200195,1592,1597.5,1576.25,1595.449951,1595.449951,1671,1702.949951,1663,1692.800049,1677.929565,19500,19587.05078,19344.84961,19395.55078,19281.4375
06/10/2021,17861.5,17884.59961,17613.15039,17646,17646,7810,7880.600098,7685,7735.149902,7735.149902,1596,1626.849976,1587,1614.900024,1614.900024,1702.099976,1709,1670,1673.550049,1658.848755,19444.90039,19624.25,19078,19157.15039,19044.43945
07/10/2021,17810.55078,17857.55078,17763.80078,17790.34961,17790.34961,7845.899902,7885,7738,7747.899902,7747.899902,1626.599976,1627.699951,1607,1610.5,1610.5,1687,1704.199951,1676.650024,1691,1676.145386,19200.80078,19304.19922,18955.34961,19045.65039,18933.5957
08/10/2021,17886.84961,17941.84961,17840.34961,17895.19922,17895.19922,7750,7829,7712,7732.200195,7732.200195,1612,1622,1600.150024,1602.650024,1602.650024,1705.25,1731.5,1698.400024,1723.849976,1708.706787,19055,19179.94922,18937.55078,18986.44922,18874.74219
11/10/2021,17867.55078,18041.94922,17839.09961,17945.94922,17945.94922,7773.899902,7904.399902,7752,7817.100098,7817.100098,1599.900024,1645,1599,1633.800049,1633.800049,1682,1730,1663.699951,1690.949951,1676.095703,19021,19195.5,19002.65039,19084.65039,18972.36523
12/10/2021,17915.80078,18008.65039,17864.94922,17991.94922,17991.94922,7810,7925,7750,7855.75,7855.75,1625,1641.550049,1625,1629.599976,1629.599976,1677,1689,1662,1685.150024,1670.346802,19068.90039,19450,18970.05078,19415.69922,19301.4668
13/10/2021,18097.84961,18197.80078,18050.75,18161.75,18161.75,7907.899902,8010,7861.299805,7929.299805,7929.299805,1637,1648,1630,1639.400024,1639.400024,1695.949951,1713.650024,1680.050049,1709.199951,1694.185425,19500,19605.05078,19226.05078,19320.65039,19206.97656
14/10/2021,18272.84961,18350.75,18248.69922,18338.55078,18338.55078,7969,7969,7812.350098,7862.899902,7862.899902,1638,1690,1638,1687.400024,1687.400024,1754,1783.599976,1698.199951,1715.75,1700.677979,19394,19428.75,19225,19325.40039,19211.69922
18/10/2021,18500.09961,18543.15039,18445.30078,18477.05078,18477.05078,8050,8050,7800.799805,7865.549805,7865.549805,1705,1725,1667.050049,1670.300049,1670.300049,1740,1799,1740,1792.150024,1776.40686,19600,19600,19220,19438.44922,19324.08203
19/10/2021,18602.34961,18604.44922,18377.69922,18418.75,18418.75,7890,7914.700195,7671,7739.299805,7739.299805,1675.449951,1692.449951,1671,1688.699951,1688.699951,1814,1834.5,1782.300049,1822.150024,1806.143311,19475,19732.05078,19284.05078,19368.44922,19254.49414
20/10/2021,18439.90039,18458.30078,18209.34961,18266.59961,18266.59961,7741,7833.549805,7575,7761.350098,7761.350098,1689.099976,1698.75,1664.449951,1673.849976,1673.849976,1829.400024,1848,1794.050049,1802.349976,1786.517212,19300,20200,19050.44922,19277.65039,19164.23047
21/10/2021,18382.69922,18384.19922,18048,18178.09961,18178.09961,7830,7830,7685,7737.299805,7737.299805,1671.800049,1681.949951,1660.849976,1676.300049,1676.300049,1814,1814,1746.849976,1753.650024,1738.244995,19460,19680,19056.69922,19233.15039,19119.99219
22/10/2021,18230.69922,18314.25,18034.34961,18114.90039,18114.90039,7756,7935,7665,7710.200195,7710.200195,1680.099976,1708,1670.75,1680.75,1680.75,1749.900024,1763.199951,1707,1719.800049,1704.692383,19438,19438,18850,19006.69922,18894.87305
25/10/2021,18229.5,18241.40039,17968.5,18125.40039,18125.40039,7750,7837.75,7350.5,7646.649902,7646.649902,1690,1690,1613.800049,1657,1657,1722.050049,1729.75,1687.199951,1707.550049,1692.550049,19000,19000.94922,18604.34961,18696.25,18586.25
26/10/2021,18154.5,18310.44922,18099.30078,18268.40039,18268.40039,7695,7894.950195,7651.100098,7855.649902,7855.649902,1650,1673.849976,1646.349976,1652.75,1652.75,1710.050049,1726.599976,1695.900024,1703.699951,1703.699951,18679.90039,19280,18638.94922,19217.59961,19217.59961
27/10/2021,18295.84961,18342.05078,18167.90039,18210.94922,18210.94922,7870,7919.950195,7461,7482.149902,7482.149902,1652.75,1665.050049,1637.300049,1642.800049,1642.800049,1709.099976,1734.150024,1701.150024,1728.949951,1728.949951,19197.30078,19420,18911.55078,19004.59961,19004.59961
28/10/2021,18187.65039,18190.69922,17799.44922,17857.25,17857.25,7540,7596,7353.399902,7484.25,7484.25,1650,1650,1587.150024,1593.599976,1593.599976,1719.349976,1724.75,1692.050049,1703.900024,1703.900024,19010,19118.5,18853.5,18991.40039,18991.40039
29/10/2021,17833.05078,17915.84961,17613.09961,17671.65039,17671.65039,7480,7549.700195,7313.049805,7400.200195,7400.200195,1590,1602,1560,1582.849976,1582.849976,1699,1712.599976,1661.050049,1667.75,1667.75,19000,19200,18758.15039,19000.15039,19000.15039
01/11/2021,17783.15039,17954.09961,17697.09961,17929.65039,17929.65039,7430,7500.200195,7220,7413.950195,7413.950195,1585,1611,1583.550049,1605.300049,1605.300049,1677.5,1707.199951,1676,1700.050049,1700.050049,19098.90039,19098.90039,18735.94922,18939.59961,18939.59961
02/11/2021,17970.90039,18012.25,17847.59961,17888.94922,17888.94922,7466.700195,7555,7400.25,7455.350098,7455.350098,1606,1622,1600.050049,1606.75,1606.75,1695,1706.449951,1686.349976,1697.900024,1697.900024,18901,19034.05078,18639.55078,18773.94922,18773.94922
03/11/2021,17947.94922,17988.75,17757.94922,17829.19922,17829.19922,7486,7538.799805,7451,7516.25,7516.25,1605.099976,1609.900024,1575.550049,1581.449951,1581.449951,1709,1717.449951,1699,1702.5,1702.5,18860,18887.94922,18561,18737.15039,18737.15039
04/11/2021,17935.05078,17947.55078,17900.59961,17916.80078,17916.80078,7561,7569,7515,7525.100098,7525.100098,1595,1597.849976,1590.099976,1593.949951,1593.949951,1715,1717,1705,1708.699951,1708.699951,18900,18949,18811.90039,18889.25,18889.25
08/11/2021,18040.19922,18087.80078,17836.09961,18068.55078,18068.55078,7543.899902,7713.149902,7486,7673.649902,7673.649902,1592.099976,1604.699951,1570.449951,1600.25,1600.25,1730,1741,1703,1737.5,1737.5,18949,19095.94922,18680,19049.25,19049.25
09/11/2021,18084.34961,18112.59961,17983.05078,18044.25,18044.25,7700,7754.399902,7550,7577.5,7577.5,1594.599976,1594.599976,1569.050049,1572.25,1572.25,1734.75,1750,1726,1742.5,1742.5,19016.94922,19045,18801.05078,18940.75,18940.75
10/11/2021,17973.44922,18061.25,17915,18017.19922,18017.19922,7545,7610,7505,7581.450195,7581.450195,1568,1569,1550,1555.25,1555.25,1726,1750.949951,1721.949951,1740.150024,1740.150024,18947.90039,19042.59961,18800,18952.90039,18952.90039
11/11/2021,17967.44922,17971.34961,17798.19922,17873.59961,17873.59961,7570.200195,7600.950195,7410,7452.700195,7452.700195,1550.050049,1554.900024,1535.599976,1548.300049,1548.300049,1732.949951,1739.75,1709,1733.300049,1733.300049,18950,18950,18670.05078,18854,18854
12/11/2021,17977.59961,18123,17905.90039,18102.75,18102.75,7500,7600.25,7453,7579.100098,7579.100098,1550,1559.050049,1545.050049,1553,1553,1743,1782.849976,1738.050049,1780.199951,1780.199951,18950,19259.19922,18860.84961,19142.44922,19142.44922
15/11/2021,18140.94922,18210.15039,18071.30078,18109.44922,18109.44922,7579,7627.450195,7490,7534.25,7534.25,1562.099976,1571.849976,1554.400024,1557.25,1557.25,1782.099976,1800,1775.5,1787.150024,1787.150024,19200,19499,19069.84961,19476.59961,19476.59961
16/11/2021,18127.05078,18132.65039,17958.80078,17999.19922,17999.19922,7525,7650,7500.75,7555.700195,7555.700195,1555,1557.199951,1541.599976,1548,1548,1790,1808.949951,1777,1792.300049,1792.300049,19450.15039,19599,19321,19462.09961,19462.09961
17/11/2021,17939.34961,18022.65039,17879.25,17898.65039,17898.65039,7528,7692,7521.25,7607.649902,7607.649902,1536.900024,1544,1528.5,1530.800049,1530.800049,1792.550049,1802,1780.699951,1787.449951,1787.449951,19404,19565,19363,19477.05078,19477.05078
18/11/2021,17890.55078,17945.59961,17688.5,17764.80078,17764.80078,7620,7697.700195,7440,7484.950195,7484.950195,1526.050049,1543.5,1525.25,1539.400024,1539.400024,1781.599976,1789.449951,1759,1779.400024,1779.400024,19400,19488.80078,19280.05078,19405.5,19405.5
22/11/2021,17796.25,17805.25,17280.44922,17416.55078,17416.55078,7492,7514.5,6990.049805,7058.299805,7058.299805,1546,1552.699951,1499.050049,1515.349976,1515.349976,1784,1785.400024,1751.150024,1759.400024,1759.400024,19413.5,19565.84961,18832.5,18995.34961,18995.34961
23/11/2021,17281.75,17553.69922,17216.09961,17503.34961,17503.34961,7000,7178,6924.100098,7114.299805,7114.299805,1502,1527.800049,1496.349976,1515.550049,1515.550049,1735.099976,1747.25,1710,1736.900024,1736.900024,18996,19246.40039,18904.69922,19181.55078,19181.55078
24/11/2021,17550.05078,17600.59961,17354,17415.05078,17415.05078,7160,7319.799805,7066,7177.299805,7177.299805,1524,1536.349976,1514.050049,1518.050049,1518.050049,1740,1740.5,1688,1696,1696,19200,19290,18950,19086.90039,19086.90039
25/11/2021,17417.30078,17564.34961,17351.69922,17536.25,17536.25,7150,7205,7086.799805,7125.799805,7125.799805,1514.800049,1533.300049,1507,1525.949951,1525.949951,1700,1726.199951,1696.949951,1722.400024,1722.400024,19085,19210,18905.69922,19178.05078,19178.05078
26/11/2021,17338.75,17355.40039,16985.69922,17026.44922,17026.44922,7021,7047.899902,6775,6807.049805,6807.049805,1500,1506.699951,1485,1489.900024,1489.900024,1702.550049,1718.349976,1684,1691.650024,1691.650024,19148.84961,19434.09961,18982.5,19222.25,19222.25
29/11/2021,17055.80078,17160.69922,16782.40039,17053.94922,17053.94922,6767,6980,6678.299805,6905.75,6905.75,1494.800049,1507.650024,1462,1501.25,1501.25,1691,1712,1669.150024,1696.349976,1696.349976,19050,19162.30078,18800,19000.40039,19000.40039
30/11/2021,17051.15039,17324.65039,16931.40039,16983.19922,16983.19922,6910,7199.799805,6849.25,6997.25,6997.25,1495,1529,1486.550049,1493.550049,1493.550049,1704.550049,1729.900024,1700.050049,1712.650024,1712.650024,19000.40039,19424.90039,18935.44922,19152.55078,19152.55078
01/12/2021,17104.40039,17213.05078,17064.25,17166.90039,17166.90039,7032.200195,7107.700195,6951,7038.700195,7038.700195,1495,1507.050049,1489.099976,1504.650024,1504.650024,1715,1741.900024,1713,1714.900024,1714.900024,19210,19449.90039,19161.90039,19397.80078,19397.80078
02/12/2021,17183.19922,17420.34961,17149.30078,17401.65039,17401.65039,7090,7210,7022.399902,7180.5,7180.5,1504.5,1528.800049,1500,1525.75,1525.75,1715,1750.5,1711.349976,1748.25,1748.25,19397.80078,19650,19226.75,19503.19922,19503.19922
03/12/2021,17424.90039,17489.80078,17180.80078,17196.69922,17196.69922,7160,7233.799805,7055,7069.25,7069.25,1525.800049,1535.949951,1507.050049,1513.550049,1513.550049,1771.099976,1786.650024,1732.550049,1735.550049,1735.550049,19402.19922,19498.80078,19137,19321.34961,19321.34961
06/12/2021,17209.05078,17216.75,16891.69922,16912.25,16912.25,7069.25,7095.899902,6938.100098,6951.75,6951.75,1513,1518.800049,1497.349976,1503.800049,1503.800049,1730,1733.949951,1691.5,1695.300049,1695.300049,19400,19415.59961,18929.15039,19016.5,19016.5
07/12/2021,17044.09961,17251.65039,16987.75,17176.69922,17176.69922,7048,7170,6958,7103.149902,7103.149902,1513.949951,1532,1509.900024,1525.699951,1525.699951,1701.099976,1724.900024,1694,1711.650024,1711.650024,19226,19443.65039,18976,19344.25,19344.25
08/12/2021,17315.25,17484.59961,17308.94922,17469.75,17469.75,7120,7386.350098,7120,7361.5,7361.5,1536,1555.050049,1534,1553.800049,1553.800049,1733,1759.800049,1732.599976,1753.349976,1753.349976,19225.05078,19524.94922,19225.05078,19479.09961,19479.09961
09/12/2021,17524.40039,17543.25,17379.59961,17516.84961,17516.84961,7400,7468.100098,7337,7440.299805,7440.299805,1545.199951,1554.699951,1522,1526.849976,1526.849976,1759,1769.400024,1742,1763.449951,1763.449951,19500,19549,19162.44922,19284.75,19284.75
10/12/2021,17476.05078,17534.34961,17405.25,17511.30078,17511.30078,7374,7467,7360,7452.5,7452.5,1524.900024,1528,1508.449951,1522.550049,1522.550049,1760,1763.75,1746,1759.25,1759.25,19221,19310,19030.44922,19270.25,19270.25
13/12/2021,17619.09961,17639.5,17355.94922,17368.25,17368.25,7470,7477,7199,7218.75,7218.75,1526,1537.650024,1507.199951,1511.150024,1511.150024,1767.050049,1771.349976,1738.800049,1744.650024,1744.650024,19220.19922,19349.5,18924,18982,18982
14/12/2021,17283.19922,17376.19922,17225.80078,17324.90039,17324.90039,7180,7180,7035,7065.899902,7065.899902,1502.5,1516,1497.050049,1502.449951,1502.449951,1730.900024,1763,1710.349976,1752.150024,1752.150024,18953.09961,19322.94922,18913.40039,19238.80078,19238.80078
15/12/2021,17323.65039,17351.19922,17192.19922,17221.40039,17221.40039,7072.5,7072.5,6831,6847.25,6847.25,1503,1523.349976,1495.650024,1500,1500,1745,1747.949951,1721.199951,1734.199951,1734.199951,19151.05078,19303.09961,19050,19203.09961,19203.09961
16/12/2021,17373,17379.34961,17184.94922,17248.40039,17248.40039,6945,7063.450195,6932.899902,7028.850098,7028.850098,1512.800049,1517,1494,1500.099976,1500.099976,1762.650024,1777.599976,1758,1771.599976,1771.599976,19205,19315.34961,19125.40039,19257.15039,19257.15039
17/12/2021,17276,17298.15039,16966.44922,16985.19922,16985.19922,7000,7025,6865,6901.100098,6901.100098,1497,1506,1467.699951,1473.050049,1473.050049,1820,1842,1806.75,1820.849976,1820.849976,19115.05078,19233.05078,19000,19079.65039,19079.65039
20/12/2021,16824.25,16840.09961,16410.19922,16614.19922,16614.19922,6850,6864.850098,6492.600098,6634.149902,6634.149902,1452,1458,1414.099976,1425.650024,1425.650024,1801.699951,1829.650024,1787.300049,1798.900024,1798.900024,19000,19068.19922,18600,18881.25,18881.25
21/12/2021,16773.15039,16936.40039,16688.25,16770.84961,16770.84961,6725.149902,6750,6540,6577.549805,6577.549805,1439.5,1450.75,1430,1441.800049,1441.800049,1801,1838,1801,1811.599976,1811.599976,18987,19285.94922,18900.05078,19220.5,19220.5
22/12/2021,16865.55078,16971,16819.5,16955.44922,16955.44922,6635,6790.75,6623.799805,6771.200195,6771.200195,1452.300049,1456,1435.699951,1445.199951,1445.199951,1825,1829.150024,1812.349976,1824.699951,1824.699951,19230,19339.94922,19012.30078,19190.59961,19190.59961
23/12/2021,17066.80078,17118.65039,17015.55078,17072.59961,17072.59961,6840,6993.5,6838.25,6917.75,6917.75,1453.25,1457.800049,1436.849976,1444.099976,1444.099976,1831.25,1861.599976,1827,1857.599976,1857.599976,19295,19299.94922,19155,19208.55078,19208.55078
24/12/2021,17149.5,17155.59961,16909.59961,17003.75,17003.75,6984.899902,6987.950195,6757.600098,6852,6852,1445.5,1452,1428,1438.900024,1438.900024,1872.949951,1875.75,1854,1863.5,1863.5,19208.55078,19434.05078,19171.09961,19224.19922,19224.19922
27/12/2021,16937.75,17112.05078,16833.19922,17086.25,17086.25,6751,6908.799805,6654.049805,6890.75,6890.75,1428.900024,1454,1422.150024,1450.800049,1450.800049,1860,1874.5,1845.050049,1866.150024,1866.150024,19186,19400,19099.44922,19302.34961,19302.34961
28/12/2021,17177.59961,17250.25,17161.15039,17233.25,17233.25,6980,6980,6861.75,6906.649902,6906.649902,1460.699951,1466.900024,1453.400024,1460.800049,1460.800049,1880.699951,1895.900024,1878.400024,1888,1888,19350,19468.55078,19235,19355,19355
29/12/2021,17220.09961,17285.94922,17176.65039,17213.59961,17213.59961,6884.899902,6949.950195,6853.049805,6911.649902,6911.649902,1456.050049,1461,1447.400024,1453.849976,1453.849976,1883.5,1893.800049,1876.400024,1885.550049,1885.550049,19355,19451,19251.55078,19399.65039,19399.65039
30/12/2021,17201.44922,17264.05078,17146.34961,17203.94922,17203.94922,6899.899902,6944.950195,6856.899902,6871.100098,6871.100098,1458.5,1466.849976,1445,1461.5,1461.5,1884.5,1909.800049,1874.349976,1892.849976,1892.849976,19390,19585,19323.19922,19406.55078,19406.55078
31/12/2021,17244.5,17400.80078,17238.5,17354.05078,17354.05078,6882,6999,6875.549805,6977.299805,6977.299805,1461.5,1484.800049,1461.5,1479.400024,1479.400024,1890,1898.349976,1871.650024,1887.75,1887.75,19375,19814.94922,19350.19922,19705.69922,19705.69922
03/01/2022,17387.15039,17646.65039,17383.30078,17625.69922,17625.69922,6975,7243.950195,6975,7219.600098,7219.600098,1485,1523,1480.5,1519.650024,1519.650024,1887.75,1914.050049,1887.75,1898.449951,1898.449951,19695,19814,19638.05078,19677.94922,19677.94922
04/01/2022,17681.40039,17827.59961,17593.55078,17805.25,17805.25,7250,7375,7235.5,7343,7343,1520,1532.900024,1507.800049,1528.550049,1528.550049,1898.449951,1906.650024,1878,1899.150024,1899.150024,19678,19947.80078,19628.05078,19889.05078,19889.05078
05/01/2022,17820.09961,17944.69922,17748.84961,17925.25,17925.25,7469.899902,7691.149902,7415,7670.799805,7670.799805,1536.800049,1572,1528.099976,1564.849976,1564.849976,1900,1902.900024,1840,1844.650024,1844.650024,19874,20025,19829.09961,19935.75,19935.75
06/01/2022,17768.5,17797.94922,17655.55078,17745.90039,17745.90039,7525,7779.350098,7521,7748.25,7748.25,1543,1554.75,1530.050049,1539.75,1539.75,1828,1828,1800,1817.800049,1817.800049,19750.09961,19935.75,19535,19647.55078,19647.55078
07/01/2022,17797.59961,17905,17704.55078,17812.69922,17812.69922,7763.950195,7785,7585,7659.350098,7659.350098,1544,1566.75,1535.900024,1550.550049,1550.550049,1815.449951,1836,1806.800049,1814.300049,1814.300049,19650.5,19960,19587.05078,19902.84961,19902.84961
10/01/2022,17913.30078,18017.44922,17879.15039,18003.30078,18003.30078,7686,7759,7669.75,7731.299805,7731.299805,1558,1572,1545.5,1559.150024,1559.150024,1815,1869.900024,1813,1850.75,1850.75,19903,19968.90039,19679.05078,19708,19708
11/01/2022,17997.75,18081.25,17964.40039,18055.75,18055.75,7739,7759.950195,7571,7669.850098,7669.850098,1561.550049,1568.699951,1547.800049,1565.900024,1565.900024,1855,1870,1850.150024,1855.599976,1855.599976,19550,19825,19550,19761.94922,19761.94922
12/01/2022,18170.40039,18227.94922,18128.80078,18212.34961,18212.34961,7726,7869,7691.799805,7774.5,7774.5,1568,1576.650024,1552,1556.650024,1556.650024,1868.900024,1889,1860,1877.449951,1877.449951,19850,19850,19660,19707.09961,19707.09961
13/01/2022,18257,18272.25,18163.80078,18257.80078,18257.80078,7828,7849.549805,7774,7808.350098,7808.350098,1555,1555,1520.400024,1528,1528,1905,1912.5,1866.349976,1896.800049,1896.800049,19750,19750,19600,19714.40039,19714.40039
14/01/2022,18185,18286.94922,18119.65039,18255.75,18255.75,7775,7846.100098,7728.5,7832.200195,7832.200195,1530,1548.699951,1519,1545.150024,1545.150024,1882,1933,1881,1929.349976,1929.349976,19714.40039,19719.34961,19270,19400.15039,19400.15039
17/01/2022,18235.65039,18321.55078,18228.75,18308.09961,18308.09961,7819.5,7910,7801.549805,7852.600098,7852.600098,1530,1556,1519.150024,1521.5,1521.5,1938.550049,1953.900024,1930.5,1939.5,1939.5,19400,19515,19111.09961,19333.19922,19333.19922
18/01/2022,18337.19922,18350.94922,18085.90039,18113.05078,18113.05078,7899.950195,7945,7716.049805,7744,7744,1533,1550.900024,1523,1529.25,1529.25,1922.099976,1945,1911.449951,1920.75,1920.75,19282,19450,19188,19379.59961,19379.59961
19/01/2022,18129.19922,18129.19922,17884.90039,17938.40039,17938.40039,7850,8045,7473,7571.799805,7571.799805,1534,1539.75,1513.349976,1518.449951,1518.449951,1916,1916,1862.849976,1867.050049,1867.050049,19370,19444.94922,18572.09961,18937,18937
20/01/2022,17921,17943.69922,17648.44922,17757,17757,7610,7650,7401,7530.25,7530.25,1528.449951,1528.5,1500.099976,1509,1509,1844,1848,1815.5,1823.699951,1823.699951,18800,19080,18605.05078,18734.09961,18734.09961
21/01/2022,17613.69922,17707.59961,17485.84961,17617.15039,17617.15039,7402.5,7499,7305.850098,7373.75,7373.75,1500,1529.800049,1485.599976,1521.599976,1521.599976,1795,1808,1776,1785.699951,1785.699951,18660,19062.25,18610.05078,18974.25,18974.25
24/01/2022,17575.15039,17599.40039,16997.84961,17149.09961,17149.09961,7350,7350,6817.700195,6931.75,6931.75,1509.949951,1521.25,1467.550049,1486.650024,1486.650024,1765,1768.650024,1728,1736.800049,1736.800049,18974.25,19040,18600,18717.75,18717.75
25/01/2022,17001.55078,17309.15039,16836.80078,17277.94922,17277.94922,6900,6996,6752.200195,6963.75,6963.75,1458.650024,1495,1444,1488.050049,1488.050049,1726.599976,1740,1700.5,1722.150024,1722.150024,18573.15039,18884.05078,18312.94922,18790.75,18790.75
27/01/2022,17062,17182.5,16866.75,17110.15039,17110.15039,6823.600098,6902.350098,6708.100098,6837,6837,1450,1485,1435,1474.949951,1474.949951,1702,1709.699951,1665,1678.599976,1678.599976,18550,18790,18217.75,18385.44922,18385.44922
28/01/2022,17208.30078,17373.5,17077.09961,17101.94922,17101.94922,6961.049805,7045.600098,6845,6867.25,6867.25,1477.5,1486.699951,1460,1463.25,1463.25,1681,1727.550049,1679.5,1686.199951,1686.199951,18400,18649,18328.25,18384.40039,18384.40039
31/01/2022,17301.05078,17410,17264.15039,17339.84961,17339.84961,6979.899902,7075.899902,6930.100098,7000.25,7000.25,1472.75,1491.550049,1466.800049,1485.699951,1485.699951,1718,1749.5,1715.349976,1736.199951,1736.199951,18428,18639.90039,18428,18521.55078,18521.55078
01/02/2022,17529.44922,17622.40039,17244.55078,17576.84961,17576.84961,7075.899902,7115.799805,6886,7014.600098,7014.600098,1508.5,1517,1473.449951,1497,1497,1766.099976,1780,1734.699951,1772.050049,1772.050049,18600,18778.19922,18421,18671.69922,18671.69922
02/02/2022,17706.19922,17794.59961,17674.80078,17780,17780,7100,7280,7095,7247.450195,7247.450195,1511.949951,1535,1505.599976,1531.199951,1531.199951,1789,1792.800049,1772,1787.099976,1787.099976,18820,18850,18440.65039,18500.65039,18500.65039
03/02/2022,17767.75,17781.15039,17511.15039,17560.19922,17560.19922,7253,7287.049805,7100,7110.649902,7110.649902,1528.75,1539.949951,1509,1515.349976,1515.349976,1779,1779,1734,1738.550049,1738.550049,18420,18579.65039,18261.09961,18306.59961,18306.59961
04/02/2022,17590.19922,17617.80078,17462.55078,17516.30078,17516.30078,7090,7188.399902,7055,7158.399902,7158.399902,1528.400024,1532.849976,1514.099976,1524,1524,1732,1753.949951,1710.150024,1741.099976,1741.099976,18400,18400,18202.80078,18331.65039,18331.65039
07/02/2022,17456.30078,17536.75,17119.40039,17213.59961,17213.59961,7165,7165,6881,6930.600098,6930.600098,1512.099976,1519,1460,1468.150024,1468.150024,1722.199951,1732,1695.400024,1715,1715,18331.65039,18420,17911,18072.75,18072.75
08/02/2022,17279.84961,17306.44922,17043.65039,17266.75,17266.75,7000,7147,6914.700195,7055,7055,1476.400024,1478.449951,1444.550049,1461.849976,1461.849976,1710,1725,1696,1717.300049,1717.300049,18205,18214.25,17990,18087.15039,18087.15039
09/02/2022,17370.09961,17477.15039,17339,17463.80078,17463.80078,7128.549805,7157.899902,7070,7117.350098,7117.350098,1474,1499.699951,1467,1497.599976,1497.599976,1735,1743,1725,1737.300049,1737.300049,18090,18237.15039,18021.44922,18135.05078,18135.05078
10/02/2022,17554.09961,17639.44922,17427.15039,17605.84961,17605.84961,7135,7240,7065,7137,7137,1514,1535.5,1501.650024,1525.099976,1525.099976,1755.650024,1773.900024,1748.75,1769.599976,1769.599976,18101,18212.90039,18010,18139.84961,18139.84961
11/02/2022,17451,17454.75,17303,17374.75,17374.75,7040,7079.950195,6921.049805,7011.600098,7011.600098,1500.25,1525,1499.5,1518.849976,1518.849976,1740,1745.949951,1713,1721.349976,1721.349976,18135,18135,17620,17815.19922,17815.19922
14/02/2022,17076.15039,17099.5,16809.65039,16842.80078,16842.80078,6810,6930,6744.049805,6785.950195,6785.950195,1490,1499.449951,1469.300049,1473.699951,1473.699951,1690,1718.550049,1678.25,1682.199951,1682.199951,17716,17800.25,17429.80078,17670.25,17670.25
15/02/2022,16933.25,17375,16839.25,17352.44922,17352.44922,6800,7195,6785.950195,7142.049805,7142.049805,1476,1524.900024,1473.050049,1517.800049,1517.800049,1699,1746.75,1690.449951,1738.25,1738.25,17670.25,18323.25,17571.44922,18187.09961,18187.09961